tanggal;nominal
2019-12-01 00.00.00;0
2019-12-02 00.00.00;0
2019-12-03 00.00.00;0
2019-12-04 00.00.00;0
2019-12-05 00.00.00;0
2019-12-06 00.00.00;0
2019-12-07 00.00.00;0
2019-12-08 00.00.00;0
2019-12-09 00.00.00;0
2019-12-10 00.00.00;0
2019-12-11 00.00.00;0
2019-12-12 00.00.00;0
2019-12-13 00.00.00;0
2019-12-14 00.00.00;0
2019-12-15 00.00.00;0
2019-12-16 00.00.00;0
2019-12-17 00.00.00;650300
2019-12-18 00.00.00;0
2019-12-19 00.00.00;0
2019-12-20 00.00.00;0
2019-12-21 00.00.00;0
2019-12-22 00.00.00;0
2019-12-23 00.00.00;1831000
2019-12-24 00.00.00;0
2019-12-25 00.00.00;0
2019-12-26 00.00.00;150000
2019-12-27 00.00.00;150000
2019-12-28 00.00.00;0
2019-12-29 00.00.00;50000
2019-12-30 00.00.00;0
2019-12-31 00.00.00;0
2020-01-01 00.00.00;105000
2020-01-02 00.00.00;0
2020-01-03 00.00.00;0
2020-01-04 00.00.00;0
2020-01-05 00.00.00;500000
2020-01-06 00.00.00;0
2020-01-07 00.00.00;0
2020-01-08 00.00.00;0
2020-01-09 00.00.00;100000
2020-01-10 00.00.00;700000
2020-01-11 00.00.00;0
2020-01-12 00.00.00;0
2020-01-13 00.00.00;0
2020-01-14 00.00.00;103200
2020-01-15 00.00.00;200100
2020-01-16 00.00.00;250000
2020-01-17 00.00.00;1000000
2020-01-18 00.00.00;0
2020-01-19 00.00.00;211000
2020-01-20 00.00.00;5000000
2020-01-21 00.00.00;0
2020-01-22 00.00.00;250000
2020-01-23 00.00.00;0
2020-01-24 00.00.00;1777500
2020-01-25 00.00.00;0
2020-01-26 00.00.00;283000
2020-01-27 00.00.00;0
2020-01-28 00.00.00;0
2020-01-29 00.00.00;0
2020-01-30 00.00.00;0
2020-01-31 00.00.00;100000
2020-02-01 00.00.00;560430
2020-02-02 00.00.00;1453500
2020-02-03 00.00.00;1400000
2020-02-04 00.00.00;0
2020-02-05 00.00.00;0
2020-02-06 00.00.00;1150000
2020-02-07 00.00.00;21000
2020-02-08 00.00.00;0
2020-02-09 00.00.00;124000
2020-02-10 00.00.00;213000
2020-02-11 00.00.00;0
2020-02-12 00.00.00;0
2020-02-13 00.00.00;0
2020-02-14 00.00.00;150000
2020-02-15 00.00.00;0
2020-02-16 00.00.00;0
2020-02-17 00.00.00;500000
2020-02-18 00.00.00;259000
2020-02-19 00.00.00;0
2020-02-20 00.00.00;560000
2020-02-21 00.00.00;1120000
2020-02-22 00.00.00;100000
2020-02-23 00.00.00;3120000
2020-02-24 00.00.00;0
2020-02-25 00.00.00;1655000
2020-02-26 00.00.00;250000
2020-02-27 00.00.00;273000
2020-02-28 00.00.00;505000
2020-02-29 00.00.00;0
2020-03-01 00.00.00;50000
2020-03-02 00.00.00;0
2020-03-03 00.00.00;269950
2020-03-04 00.00.00;50000
2020-03-05 00.00.00;880000
2020-03-06 00.00.00;430000
2020-03-07 00.00.00;0
2020-03-08 00.00.00;0
2020-03-09 00.00.00;0
2020-03-10 00.00.00;100000
2020-03-11 00.00.00;0
2020-03-12 00.00.00;475000
2020-03-13 00.00.00;100000
2020-03-14 00.00.00;100000
2020-03-15 00.00.00;8224
2020-03-16 00.00.00;0
2020-03-17 00.00.00;500000
2020-03-18 00.00.00;373000
2020-03-19 00.00.00;300000
2020-03-20 00.00.00;450000
2020-03-21 00.00.00;150000
2020-03-22 00.00.00;200000
2020-03-23 00.00.00;2000000
2020-03-24 00.00.00;1071000
2020-03-25 00.00.00;1688625
2020-03-26 00.00.00;344000
2020-03-27 00.00.00;2360000
2020-03-28 00.00.00;5777000
2020-03-29 00.00.00;2715000
2020-03-30 00.00.00;1106000
2020-03-31 00.00.00;247500
2020-04-01 00.00.00;5310000
2020-04-02 00.00.00;1635000
2020-04-03 00.00.00;2840000
2020-04-04 00.00.00;2017780
2020-04-05 00.00.00;11020000
2020-04-06 00.00.00;2421000
2020-04-07 00.00.00;480000
2020-04-08 00.00.00;231000
2020-04-09 00.00.00;1150196
2020-04-10 00.00.00;10596000
2020-04-11 00.00.00;2037876
2020-04-12 00.00.00;1206000
2020-04-13 00.00.00;2846000
2020-04-14 00.00.00;2071000
2020-04-15 00.00.00;2210000
2020-04-16 00.00.00;1751000
2020-04-17 00.00.00;1211000
2020-04-18 00.00.00;250000
2020-04-19 00.00.00;0
2020-04-20 00.00.00;1120000
2020-04-21 00.00.00;1123000
2020-04-22 00.00.00;2025000
2020-04-23 00.00.00;10015000
2020-04-24 00.00.00;15948000
2020-04-25 00.00.00;8318610
2020-04-26 00.00.00;1535000
2020-04-27 00.00.00;2450000
2020-04-28 00.00.00;2600000
2020-04-29 00.00.00;4929625
2020-04-30 00.00.00;5970198
2020-05-01 00.00.00;16932990
2020-05-02 00.00.00;6225020
2020-05-03 00.00.00;6803000
2020-05-04 00.00.00;4240000
2020-05-05 00.00.00;5966000
2020-05-06 00.00.00;6701887
2020-05-07 00.00.00;22785000
2020-05-08 00.00.00;6305000
2020-05-09 00.00.00;9712500
2020-05-10 00.00.00;11530500
2020-05-11 00.00.00;22970812
2020-05-12 00.00.00;9720000
2020-05-13 00.00.00;10407050
2020-05-14 00.00.00;10295205
2020-05-15 00.00.00;18547010
2020-05-16 00.00.00;22340101
2020-05-17 00.00.00;21121608
2020-05-18 00.00.00;18566778
2020-05-19 00.00.00;35341794
2020-05-20 00.00.00;34542402
2020-05-21 00.00.00;24522727
2020-05-22 00.00.00;28397775
2020-05-23 00.00.00;37308103
2020-05-24 00.00.00;5110128
2020-05-25 00.00.00;2641000
2020-05-26 00.00.00;2524000
2020-05-27 00.00.00;5886000
2020-05-28 00.00.00;2097000
2020-05-29 00.00.00;6843509
2020-05-30 00.00.00;5760009
2020-05-31 00.00.00;9131000
2020-06-01 00.00.00;4807000
2020-06-02 00.00.00;3820000
2020-06-03 00.00.00;1455300
2020-06-04 00.00.00;1111000
2020-06-05 00.00.00;5811000
2020-06-06 00.00.00;6651000
2020-06-07 00.00.00;3940000
2020-06-08 00.00.00;4565000
2020-06-09 00.00.00;4638000
2020-06-10 00.00.00;4330000
2020-06-11 00.00.00;4902011
2020-06-12 00.00.00;3718000
2020-06-13 00.00.00;3021000
2020-06-14 00.00.00;6886000
2020-06-15 00.00.00;4003002
2020-06-16 00.00.00;9283000
2020-06-17 00.00.00;3818800
2020-06-18 00.00.00;2856000
2020-06-19 00.00.00;3700000
2020-06-20 00.00.00;546000
2020-06-21 00.00.00;685999
2020-06-22 00.00.00;465100
2020-06-23 00.00.00;1160100
2020-06-24 00.00.00;1762000
2020-06-25 00.00.00;1760000
2020-06-26 00.00.00;4899076
2020-06-27 00.00.00;3435000
2020-06-28 00.00.00;4047000
2020-06-29 00.00.00;3242329
2020-06-30 00.00.00;2123000
2020-07-01 00.00.00;2996000
2020-07-02 00.00.00;2219500
2020-07-03 00.00.00;6232200
2020-07-04 00.00.00;1481300
2020-07-05 00.00.00;1167300
2020-07-06 00.00.00;4566000
2020-07-07 00.00.00;1981000
2020-07-08 00.00.00;1735300
2020-07-09 00.00.00;572000
2020-07-10 00.00.00;4920409
2020-07-11 00.00.00;1060000
2020-07-12 00.00.00;1470000
2020-07-13 00.00.00;2351002
2020-07-14 00.00.00;770000
2020-07-15 00.00.00;2671000
2020-07-16 00.00.00;2231000
2020-07-17 00.00.00;4242250
2020-07-18 00.00.00;1040109
2020-07-19 00.00.00;1348000
2020-07-20 00.00.00;3111000
2020-07-21 00.00.00;2290000
2020-07-22 00.00.00;711000
2020-07-23 00.00.00;1780000
2020-07-24 00.00.00;8226294
2020-07-25 00.00.00;4920524
2020-07-26 00.00.00;2001000
2020-07-27 00.00.00;2307000
2020-07-28 00.00.00;8495750
2020-07-29 00.00.00;4771636
2020-07-30 00.00.00;7250500
2020-07-31 00.00.00;6254000
2020-08-01 00.00.00;4928001
2020-08-02 00.00.00;4821000
2020-08-03 00.00.00;5875000
2020-08-04 00.00.00;8351001
2020-08-05 00.00.00;8690742
2020-08-06 00.00.00;3812800
2020-08-07 00.00.00;17633640
2020-08-08 00.00.00;7792000
2020-08-09 00.00.00;5087000
2020-08-10 00.00.00;7769427
2020-08-11 00.00.00;14954500
2020-08-12 00.00.00;17069000
2020-08-13 00.00.00;13346000
2020-08-14 00.00.00;11362500
2020-08-15 00.00.00;3040270
2020-08-16 00.00.00;926000
2020-08-17 00.00.00;9537018
2020-08-18 00.00.00;6373331
2020-08-19 00.00.00;15937834
2020-08-20 00.00.00;3720000
2020-08-21 00.00.00;11866673
2020-08-22 00.00.00;1375000
2020-08-23 00.00.00;1083500
2020-08-24 00.00.00;4080212
2020-08-25 00.00.00;9119876
2020-08-26 00.00.00;2890827
2020-08-27 00.00.00;6871242
2020-08-28 00.00.00;15173913
2020-08-29 00.00.00;10348363
2020-08-30 00.00.00;3384000
2020-08-31 00.00.00;13367410
2020-09-01 00.00.00;8617584
2020-09-02 00.00.00;6486584
2020-09-03 00.00.00;5128001
2020-09-04 00.00.00;13992558
2020-09-05 00.00.00;26605000
2020-09-06 00.00.00;10837039
2020-09-07 00.00.00;6343968
2020-09-08 00.00.00;9308000
2020-09-09 00.00.00;8629796
2020-09-10 00.00.00;4100557
2020-09-11 00.00.00;8999001
2020-09-12 00.00.00;4087009
2020-09-13 00.00.00;3242000
2020-09-14 00.00.00;3358000
2020-09-15 00.00.00;2887263
2020-09-16 00.00.00;2117567
2020-09-17 00.00.00;5488242
2020-09-18 00.00.00;13769144
2020-09-19 00.00.00;6816844
2020-09-20 00.00.00;4731449
2020-09-21 00.00.00;9232113
2020-09-22 00.00.00;5612430
2020-09-23 00.00.00;3748048
2020-09-24 00.00.00;4829615
2020-09-25 00.00.00;18820930
2020-09-26 00.00.00;30783268
2020-09-27 00.00.00;5995134
2020-09-28 00.00.00;6974147
2020-09-29 00.00.00;12074048
2020-09-30 00.00.00;9698657
2020-10-01 00.00.00;10126493
2020-10-02 00.00.00;21598993
2020-10-03 00.00.00;10254429
2020-10-04 00.00.00;2991808
2020-10-05 00.00.00;8523000
2020-10-06 00.00.00;4291403
2020-10-07 00.00.00;6650780
2020-10-08 00.00.00;3970565
2020-10-09 00.00.00;20082117
2020-10-10 00.00.00;7025000
2020-10-11 00.00.00;11963026
2020-10-12 00.00.00;2777000
2020-10-13 00.00.00;3565000
2020-10-14 00.00.00;4719537
2020-10-15 00.00.00;7155843
2020-10-16 00.00.00;9688886
2020-10-17 00.00.00;9123880
2020-10-18 00.00.00;810437
2020-10-19 00.00.00;3419000
2020-10-20 00.00.00;2098590
2020-10-21 00.00.00;3954299
2020-10-22 00.00.00;7355495
2020-10-23 00.00.00;9038680
2020-10-24 00.00.00;5800510
2020-10-25 00.00.00;1219529
2020-10-26 00.00.00;6040024
2020-10-27 00.00.00;8247541
2020-10-28 00.00.00;8128443
2020-10-29 00.00.00;3745872
2020-10-30 00.00.00;12926669
2020-10-31 00.00.00;8520372
2020-11-01 00.00.00;3188928
2020-11-02 00.00.00;7733059
2020-11-03 00.00.00;5480566
2020-11-04 00.00.00;6330617
2020-11-05 00.00.00;3862228
2020-11-06 00.00.00;11372114
2020-11-07 00.00.00;3304577
2020-11-08 00.00.00;2403344
2020-11-09 00.00.00;1434000
2020-11-10 00.00.00;489000
2020-11-11 00.00.00;216001
2020-11-12 00.00.00;1050000
2020-11-13 00.00.00;2146000
2020-11-14 00.00.00;1509000
2020-11-15 00.00.00;1000000
2020-11-16 00.00.00;0
2020-11-17 00.00.00;3867253
2020-11-18 00.00.00;1257500
2020-11-19 00.00.00;6181589
2020-11-20 00.00.00;9692658
2020-11-21 00.00.00;2710000
2020-11-22 00.00.00;1170000
2020-11-23 00.00.00;3682000
2020-11-24 00.00.00;5735414
2020-11-25 00.00.00;5527244
2020-11-26 00.00.00;3602538
2020-11-27 00.00.00;11080114
2020-11-28 00.00.00;5010973
2020-11-29 00.00.00;2421170
2020-11-30 00.00.00;9170937
2020-12-01 00.00.00;12020745
2020-12-02 00.00.00;7249299
2020-12-03 00.00.00;2475688
2020-12-04 00.00.00;7641000
2020-12-05 00.00.00;3973520
2020-12-06 00.00.00;2030000
2020-12-07 00.00.00;14035911
2020-12-08 00.00.00;4074066
2020-12-09 00.00.00;3355215
2020-12-10 00.00.00;7025959
2020-12-11 00.00.00;10518200
2020-12-12 00.00.00;1727554
2020-12-13 00.00.00;6339294
2020-12-14 00.00.00;2776033
2020-12-15 00.00.00;2429831
2020-12-16 00.00.00;2730000
2020-12-17 00.00.00;6043929
2020-12-18 00.00.00;9498704
2020-12-19 00.00.00;5878000
2020-12-20 00.00.00;3500262
2020-12-21 00.00.00;7369846
2020-12-22 00.00.00;7112392
2020-12-23 00.00.00;12844446
2020-12-24 00.00.00;3307589
2020-12-25 00.00.00;6396150
2020-12-26 00.00.00;1505000
2020-12-27 00.00.00;0
2020-12-28 00.00.00;7851550
2020-12-29 00.00.00;7157410
2020-12-30 00.00.00;28034269
2020-12-31 00.00.00;10865000
2021-01-01 00.00.00;15104921
2021-01-02 00.00.00;18147735
2021-01-03 00.00.00;4549815
2021-01-04 00.00.00;14719743
2021-01-05 00.00.00;6214702
2021-01-06 00.00.00;6165977
2021-01-07 00.00.00;10997619
2021-01-08 00.00.00;13092814
2021-01-09 00.00.00;3775627
2021-01-10 00.00.00;2811133
2021-01-11 00.00.00;12528655
2021-01-12 00.00.00;7396030
2021-01-13 00.00.00;3706127
2021-01-14 00.00.00;15991775
2021-01-15 00.00.00;11051862
2021-01-16 00.00.00;3244573
2021-01-17 00.00.00;1472060
2021-01-18 00.00.00;7341164
2021-01-19 00.00.00;3600370
2021-01-20 00.00.00;3819416
2021-01-21 00.00.00;3967339
2021-01-22 00.00.00;9897433
2021-01-23 00.00.00;3951190
2021-01-24 00.00.00;1437358
2021-01-25 00.00.00;7895214
2021-01-26 00.00.00;6137926
2021-01-27 00.00.00;20211245
2021-01-28 00.00.00;12829509
2021-01-29 00.00.00;12251237
2021-01-30 00.00.00;6300494
2021-01-31 00.00.00;9813500
2021-02-01 00.00.00;4083988
2021-02-02 00.00.00;5654589
2021-02-03 00.00.00;5016516
2021-02-04 00.00.00;9268246
2021-02-05 00.00.00;27017900
2021-02-06 00.00.00;2994872
2021-02-07 00.00.00;6569570
2021-02-08 00.00.00;4680010
2021-02-09 00.00.00;2772700
2021-02-10 00.00.00;5139400
2021-02-11 00.00.00;4573022
2021-02-12 00.00.00;13389168
2021-02-13 00.00.00;15780000
2021-02-14 00.00.00;886213
2021-02-15 00.00.00;4870502
2021-02-16 00.00.00;2320213
2021-02-17 00.00.00;5301664
2021-02-18 00.00.00;5403533
2021-02-19 00.00.00;14093119
2021-02-20 00.00.00;1665000
2021-02-21 00.00.00;1289888
2021-02-22 00.00.00;3859756
2021-02-23 00.00.00;6257774
2021-02-24 00.00.00;3218504
2021-02-25 00.00.00;10324009
2021-02-26 00.00.00;20619625
2021-02-27 00.00.00;7069650
2021-02-28 00.00.00;5852500
2021-03-01 00.00.00;12834400
2021-03-02 00.00.00;7152500
2021-03-03 00.00.00;5048850
2021-03-04 00.00.00;2408000
2021-03-05 00.00.00;10632229
2021-03-06 00.00.00;2043200
2021-03-07 00.00.00;3107000
2021-03-08 00.00.00;3298000
2021-03-09 00.00.00;1624428
2021-03-10 00.00.00;5892451
2021-03-11 00.00.00;1871625
2021-03-12 00.00.00;2778000
2021-03-13 00.00.00;2301825
2021-03-14 00.00.00;2383600
2021-03-15 00.00.00;2146064
2021-03-16 00.00.00;1876169
2021-03-17 00.00.00;939000
2021-03-18 00.00.00;2145000
2021-03-19 00.00.00;4503605
2021-03-20 00.00.00;6110000
2021-03-21 00.00.00;1890943
2021-03-22 00.00.00;1937342
2021-03-23 00.00.00;783104
2021-03-24 00.00.00;5328108
2021-03-25 00.00.00;6154500
2021-03-26 00.00.00;14252667
2021-03-27 00.00.00;22722313
2021-03-28 00.00.00;8730788
2021-03-29 00.00.00;1996945
2021-03-30 00.00.00;16079051
2021-03-31 00.00.00;5094128
2021-04-01 00.00.00;7529349
2021-04-02 00.00.00;13955382
2021-04-03 00.00.00;7724227
2021-04-04 00.00.00;2396000
2021-04-05 00.00.00;10077906
2021-04-06 00.00.00;884000
2021-04-07 00.00.00;2838328
2021-04-08 00.00.00;1077501
2021-04-09 00.00.00;6658045
2021-04-10 00.00.00;2552000
2021-04-11 00.00.00;559000
2021-04-12 00.00.00;4325000
2021-04-13 00.00.00;3640850
2021-04-14 00.00.00;2305000
2021-04-15 00.00.00;3117200
2021-04-16 00.00.00;6593100
2021-04-17 00.00.00;1325000
2021-04-18 00.00.00;1250000
2021-04-19 00.00.00;18814588
2021-04-20 00.00.00;1065153
2021-04-21 00.00.00;3999000
2021-04-22 00.00.00;7161500
2021-04-23 00.00.00;12379572
2021-04-24 00.00.00;7661000
2021-04-25 00.00.00;2655043
2021-04-26 00.00.00;7320000
2021-04-27 00.00.00;3855000
2021-04-28 00.00.00;6288443
2021-04-29 00.00.00;12772500
2021-04-30 00.00.00;25598209
2021-05-01 00.00.00;4283800
2021-05-02 00.00.00;15440211
2021-05-03 00.00.00;11041679
2021-05-04 00.00.00;39412966
2021-05-05 00.00.00;12522789
2021-05-06 00.00.00;29921963
2021-05-07 00.00.00;27385409
2021-05-08 00.00.00;11925344
2021-05-09 00.00.00;19126225
2021-05-10 00.00.00;37553233
2021-05-11 00.00.00;27403289
2021-05-12 00.00.00;91359623
2021-05-13 00.00.00;22875549
2021-05-14 00.00.00;3030356
2021-05-15 00.00.00;925000
2021-05-16 00.00.00;1550010
2021-05-17 00.00.00;5975000
2021-05-18 00.00.00;2440000
2021-05-19 00.00.00;4531025
2021-05-20 00.00.00;1526201
2021-05-21 00.00.00;5409690
2021-05-22 00.00.00;1261000
2021-05-23 00.00.00;345000
2021-05-24 00.00.00;4302750
2021-05-25 00.00.00;4535000
2021-05-26 00.00.00;14285000
2021-05-27 00.00.00;5685000
2021-05-28 00.00.00;19534127
2021-05-29 00.00.00;4238500
2021-05-30 00.00.00;3477000
2021-05-31 00.00.00;4945990
2021-06-01 00.00.00;3149500
2021-06-02 00.00.00;9065010
2021-06-03 00.00.00;4821000
2021-06-04 00.00.00;9690394
2021-06-05 00.00.00;4715640
2021-06-06 00.00.00;3223000
2021-06-07 00.00.00;8765342
2021-06-08 00.00.00;1747500
2021-06-09 00.00.00;1868875
2021-06-10 00.00.00;5528000
2021-06-11 00.00.00;9812000
2021-06-12 00.00.00;795000
2021-06-13 00.00.00;1755000
2021-06-14 00.00.00;4758000
2021-06-15 00.00.00;4445000
2021-06-16 00.00.00;6995718
2021-06-17 00.00.00;3733000
2021-06-18 00.00.00;11718601
2021-06-19 00.00.00;1345000
2021-06-20 00.00.00;2527577
2021-06-21 00.00.00;865000
2021-06-22 00.00.00;10925000
2021-06-23 00.00.00;1825353
2021-06-24 00.00.00;5763000
2021-06-25 00.00.00;9315000
2021-06-26 00.00.00;7075000
2021-06-27 00.00.00;2565000
2021-06-28 00.00.00;7093100
2021-06-29 00.00.00;8927009
2021-06-30 00.00.00;5772000
2021-07-01 00.00.00;8588400
2021-07-02 00.00.00;13810325
2021-07-03 00.00.00;2421000
2021-07-04 00.00.00;17823000
2021-07-05 00.00.00;2734963
2021-07-06 00.00.00;7088000
2021-07-07 00.00.00;8024000
2021-07-08 00.00.00;4820000
2021-07-09 00.00.00;8125071
2021-07-10 00.00.00;4946660
2021-07-11 00.00.00;4697500
2021-07-12 00.00.00;5947305
2021-07-13 00.00.00;4465000
2021-07-14 00.00.00;7964000
2021-07-15 00.00.00;7241500
2021-07-16 00.00.00;6252000
2021-07-17 00.00.00;10565591
2021-07-18 00.00.00;1040837
2021-07-19 00.00.00;2575000
2021-07-20 00.00.00;680000
2021-07-21 00.00.00;4100000
2021-07-22 00.00.00;2648000
2021-07-23 00.00.00;7794912
2021-07-24 00.00.00;3209000
2021-07-25 00.00.00;4237775
2021-07-26 00.00.00;2678000
2021-07-27 00.00.00;3913000
2021-07-28 00.00.00;9021500
2021-07-29 00.00.00;5185500
2021-07-30 00.00.00;8537509
2021-07-31 00.00.00;2370000
2021-08-01 00.00.00;4620215
2021-08-02 00.00.00;5006000
2021-08-03 00.00.00;2791500
2021-08-04 00.00.00;4587000
2021-08-05 00.00.00;1539311
2021-08-06 00.00.00;8458500
2021-08-07 00.00.00;12510000
2021-08-08 00.00.00;7311000
2021-08-09 00.00.00;33002
2021-08-10 00.00.00;11075067
2021-08-11 00.00.00;2055024
2021-08-12 00.00.00;3232375
2021-08-13 00.00.00;7470025
2021-08-14 00.00.00;3450974
2021-08-15 00.00.00;2663000
2021-08-16 00.00.00;2155000
2021-08-17 00.00.00;1113000
2021-08-18 00.00.00;17588374
2021-08-19 00.00.00;6324196
2021-08-20 00.00.00;9483048
2021-08-21 00.00.00;4063000
2021-08-22 00.00.00;3910252
2021-08-23 00.00.00;3531208
2021-08-24 00.00.00;3013100
2021-08-25 00.00.00;19889610
2021-08-26 00.00.00;7950440
2021-08-27 00.00.00;12272934
2021-08-28 00.00.00;6119500
2021-08-29 00.00.00;4165799
2021-08-30 00.00.00;1693573
2021-08-31 00.00.00;8233660
2021-09-01 00.00.00;8956012
2021-09-02 00.00.00;6083000
2021-09-03 00.00.00;12769163
2021-09-04 00.00.00;1824000
2021-09-05 00.00.00;3742773
2021-09-06 00.00.00;4373000
2021-09-07 00.00.00;4873042
2021-09-08 00.00.00;2297500
2021-09-09 00.00.00;12440000
2021-09-10 00.00.00;7552500
2021-09-11 00.00.00;2914849
2021-09-12 00.00.00;815464
2021-09-13 00.00.00;1476947
2021-09-14 00.00.00;15031025
2021-09-15 00.00.00;838000
2021-09-16 00.00.00;1008000
2021-09-17 00.00.00;6835525
2021-09-18 00.00.00;1738000
2021-09-19 00.00.00;3108000
2021-09-20 00.00.00;4453634
2021-09-21 00.00.00;783000
2021-09-22 00.00.00;1695500
2021-09-23 00.00.00;1748206
2021-09-24 00.00.00;18426775
2021-09-25 00.00.00;2729000
2021-09-26 00.00.00;1923999
2021-09-27 00.00.00;6760516
2021-09-28 00.00.00;5413682
2021-09-29 00.00.00;6950007
2021-09-30 00.00.00;6079105
2021-10-01 00.00.00;20440764
2021-10-02 00.00.00;3494500
2021-10-03 00.00.00;2815978
2021-10-04 00.00.00;6910000
2021-10-05 00.00.00;3681216
2021-10-06 00.00.00;2675000
2021-10-07 00.00.00;2825000
2021-10-08 00.00.00;7769530
2021-10-09 00.00.00;5480000
2021-10-10 00.00.00;960000
2021-10-11 00.00.00;2460001
2021-10-12 00.00.00;3323000
2021-10-13 00.00.00;2475144
2021-10-14 00.00.00;3770232
2021-10-15 00.00.00;9474035
2021-10-16 00.00.00;11697000
2021-10-17 00.00.00;1035000
2021-10-18 00.00.00;1860045
2021-10-19 00.00.00;6433257
2021-10-20 00.00.00;3010350
2021-10-21 00.00.00;3221000
2021-10-22 00.00.00;6885025
2021-10-23 00.00.00;1015558
2021-10-24 00.00.00;2913450
2021-10-25 00.00.00;7171000
2021-10-26 00.00.00;5547509
2021-10-27 00.00.00;1957000
2021-10-28 00.00.00;5052067
2021-10-29 00.00.00;10865000
2021-10-30 00.00.00;6588252
2021-10-31 00.00.00;2970000
2021-11-01 00.00.00;5785000
2021-11-02 00.00.00;4425882
2021-11-03 00.00.00;7650000
2021-11-04 00.00.00;2278000
2021-11-05 00.00.00;8832973
2021-11-06 00.00.00;3470000
2021-11-07 00.00.00;1835000
2021-11-08 00.00.00;2512000
2021-11-09 00.00.00;3027946
2021-11-10 00.00.00;4412024
2021-11-11 00.00.00;2811975
2021-11-12 00.00.00;8257013
2021-11-13 00.00.00;2771260
2021-11-14 00.00.00;12455000
2021-11-15 00.00.00;2413179
2021-11-16 00.00.00;2460187
2021-11-17 00.00.00;2240000
2021-11-18 00.00.00;8040000
2021-11-19 00.00.00;14136048
2021-11-20 00.00.00;3205251
2021-11-21 00.00.00;1413000
2021-11-22 00.00.00;3036359
2021-11-23 00.00.00;2060090
2021-11-24 00.00.00;1741489
2021-11-25 00.00.00;6052298
2021-11-26 00.00.00;18262608
2021-11-27 00.00.00;6125997
2021-11-28 00.00.00;6770118
2021-11-29 00.00.00;6149099
2021-11-30 00.00.00;4003812
2021-12-01 00.00.00;8334556
2021-12-02 00.00.00;11387924
2021-12-03 00.00.00;22130947
2021-12-04 00.00.00;4613792
2021-12-05 00.00.00;4150000
2021-12-06 00.00.00;5564750
2021-12-07 00.00.00;6216234
2021-12-08 00.00.00;3501680
2021-12-09 00.00.00;5748135
2021-12-10 00.00.00;14366974
2021-12-11 00.00.00;2780267
2021-12-12 00.00.00;1280856
2021-12-13 00.00.00;3805990
2021-12-14 00.00.00;2358125
2021-12-15 00.00.00;2181741
2021-12-16 00.00.00;2170731
2021-12-17 00.00.00;7881383
2021-12-18 00.00.00;2322869
2021-12-19 00.00.00;70000
2021-12-20 00.00.00;7695000
2021-12-21 00.00.00;8529250
2021-12-22 00.00.00;3325194
2021-12-23 00.00.00;4306478
2021-12-24 00.00.00;14797465
2021-12-25 00.00.00;8680000
2021-12-26 00.00.00;3310282
2021-12-27 00.00.00;7913931
2021-12-28 00.00.00;5760000
2021-12-29 00.00.00;4655204
2021-12-30 00.00.00;5014693
2021-12-31 00.00.00;18088658
2022-01-01 00.00.00;1600342
2022-01-02 00.00.00;1155081
2022-01-03 00.00.00;13985000
2022-01-04 00.00.00;3150000
2022-01-05 00.00.00;9546111
2022-01-06 00.00.00;7300953
2022-01-07 00.00.00;7557997
2022-01-08 00.00.00;3370177
2022-01-09 00.00.00;1875001
2022-01-10 00.00.00;10377962
2022-01-11 00.00.00;3809985
2022-01-12 00.00.00;1700000
2022-01-13 00.00.00;1480720
2022-01-14 00.00.00;8068625
2022-01-15 00.00.00;830798
2022-01-16 00.00.00;3176164
2022-01-17 00.00.00;4738898
2022-01-18 00.00.00;970551
2022-01-19 00.00.00;3117048
2022-01-20 00.00.00;3105153
2022-01-21 00.00.00;8817818
2022-01-22 00.00.00;1575144
2022-01-23 00.00.00;951592
2022-01-24 00.00.00;6595986
2022-01-25 00.00.00;5377500
2022-01-26 00.00.00;4714978
2022-01-27 00.00.00;7180911
2022-01-28 00.00.00;11012933
2022-01-29 00.00.00;3440200
2022-01-30 00.00.00;961000
2022-01-31 00.00.00;8050611
2022-02-01 00.00.00;6312839
2022-02-02 00.00.00;10193000
2022-02-03 00.00.00;6860000
2022-02-04 00.00.00;10710876
2022-02-05 00.00.00;6135000
2022-02-06 00.00.00;1890000
2022-02-07 00.00.00;2541250
2022-02-08 00.00.00;11703213
2022-02-09 00.00.00;3197500
2022-02-10 00.00.00;850000
2022-02-11 00.00.00;8762000
2022-02-12 00.00.00;3684714
2022-02-13 00.00.00;910697
2022-02-14 00.00.00;5615000
2022-02-15 00.00.00;3374303
2022-02-16 00.00.00;8899800
2022-02-17 00.00.00;9137000
2022-02-18 00.00.00;6185898
2022-02-19 00.00.00;1870000
2022-02-20 00.00.00;270000
2022-02-21 00.00.00;4353750
2022-02-22 00.00.00;3504775
2022-02-23 00.00.00;2335000
2022-02-24 00.00.00;1950000
2022-02-25 00.00.00;18958858
2022-02-26 00.00.00;3678809
2022-02-27 00.00.00;2415000
2022-02-28 00.00.00;2402431
2022-03-01 00.00.00;15750000
2022-03-02 00.00.00;5895644
2022-03-03 00.00.00;9530009
2022-03-04 00.00.00;12369867
2022-03-05 00.00.00;4125000
2022-03-06 00.00.00;1440000
2022-03-07 00.00.00;4930000
2022-03-08 00.00.00;2460400
2022-03-09 00.00.00;520000
2022-03-10 00.00.00;1331062
2022-03-11 00.00.00;7382305
2022-03-12 00.00.00;270000
2022-03-13 00.00.00;0
2022-03-14 00.00.00;0
2022-03-15 00.00.00;0
2022-03-16 00.00.00;0
2022-03-17 00.00.00;0
2022-03-18 00.00.00;0
2022-03-19 00.00.00;0
2022-03-20 00.00.00;0
2022-03-21 00.00.00;0
2022-03-22 00.00.00;0
2022-03-23 00.00.00;0
2022-03-24 00.00.00;0
2022-03-25 00.00.00;0
2022-03-26 00.00.00;0
2022-03-27 00.00.00;0
2022-03-28 00.00.00;0
2022-03-29 00.00.00;0
2022-03-30 00.00.00;0
2022-03-31 00.00.00;0